user_id	genre	plays	loyalty_score
U001	Pop	57	0.919354839
U002	Pop	63	0.926470588
U003	Pop	64	0.853333333
U004	Pop	46	0.821428571
U005	Pop	58	0.983050847
U006	Pop	36	0.765957447
U007	Pop	56	0.903225806
U008	Pop	64	0.853333333
U009	Pop	51	0.894736842
U010	Pop	39	0.866666667
